<?xml version="1.0" encoding="utf-8" standalone="yes" ?>
<rss version="2.0" xmlns:atom="http://www.w3.org/2005/Atom">
  <channel>
    <title>Golang on 知识铺的博客</title>
    <link>https://geek.zshipu.com/categories/Golang/</link>
    <description>Recent content in Golang on 知识铺的博客</description>
    <generator>Hugo -- gohugo.io</generator>
    <language>zh-CN</language>
    <lastBuildDate>Wed, 18 Dec 2019 21:55:00 +0800</lastBuildDate>
    
	<atom:link href="https://geek.zshipu.com/categories/Golang/index.xml" rel="self" type="application/rss+xml" />
    
    
    <item>
      <title>Golang Gin 实战（五）| 接收数组和 Map</title>
      <link>https://geek.zshipu.com/2019/12/18/golang-gin-query-parameters-array-map.html</link>
      <pubDate>Wed, 18 Dec 2019 21:55:00 +0800</pubDate>
      
      <guid>https://geek.zshipu.com/2019/12/18/golang-gin-query-parameters-array-map.html</guid>
      <description>标题 段落内容 标题 段落内容 标题 段落内容 标题 段落内容 标题 段落内容</description>
    </item>
    
    <item>
      <title>Golang Gin 实战（五）| 接收数组和 Map</title>
      <link>https://geek.zshipu.com/2019/12/18/golang-gin-query-parameters-array-map.html</link>
      <pubDate>Wed, 18 Dec 2019 21:55:00 +0800</pubDate>
      
      <guid>https://geek.zshipu.com/2019/12/18/golang-gin-query-parameters-array-map.html</guid>
      <description>标题 段落内容 标题 段落内容 标题 段落内容 标题 段落内容 标题 段落内容</description>
    </item>
    
    <item>
      <title>Golang Gin 实战（三）| 路由参数</title>
      <link>https://geek.zshipu.com/post/go/2019-12-13-golang-gin-parameters-in-path/</link>
      <pubDate>Fri, 13 Dec 2019 21:00:00 +0800</pubDate>
      
      <guid>https://geek.zshipu.com/post/go/2019-12-13-golang-gin-parameters-in-path/</guid>
      <description>标题 段落内容 标题 段落内容 标题 段落内容 标题 段落内容 标题 段落内容</description>
    </item>
    
    <item>
      <title>Golang Gin 实战（三）| 路由参数</title>
      <link>https://geek.zshipu.com/post/go/2019-12-13-golang-gin-parameters-in-path_20201025191937-xduivd2.sy/</link>
      <pubDate>Fri, 13 Dec 2019 21:00:00 +0800</pubDate>
      
      <guid>https://geek.zshipu.com/post/go/2019-12-13-golang-gin-parameters-in-path_20201025191937-xduivd2.sy/</guid>
      <description>标题 段落内容 标题 段落内容 标题 段落内容 标题 段落内容 标题 段落内容</description>
    </item>
    
    <item>
      <title>Golang Gin 实战（三）| 路由参数</title>
      <link>https://geek.zshipu.com/post/go/2019-12-15-golang-gin-query-parameters-source-code-analysis/</link>
      <pubDate>Fri, 13 Dec 2019 21:00:00 +0800</pubDate>
      
      <guid>https://geek.zshipu.com/post/go/2019-12-15-golang-gin-query-parameters-source-code-analysis/</guid>
      <description>标题 段落内容 标题 段落内容 标题 段落内容 标题 段落内容 标题 段落内容</description>
    </item>
    
    <item>
      <title>Golang Gin 实战（三）| 路由参数</title>
      <link>https://geek.zshipu.com/post/go/2019-12-15-golang-gin-query-parameters-source-code-analysis_20201025191937-o2bkauc.sy/</link>
      <pubDate>Fri, 13 Dec 2019 21:00:00 +0800</pubDate>
      
      <guid>https://geek.zshipu.com/post/go/2019-12-15-golang-gin-query-parameters-source-code-analysis_20201025191937-o2bkauc.sy/</guid>
      <description>标题 段落内容 标题 段落内容 标题 段落内容 标题 段落内容 标题 段落内容</description>
    </item>
    
  </channel>
</rss>