<?xml version="1.0" encoding="utf-8" standalone="yes"?>
<rss version="2.0" xmlns:atom="http://www.w3.org/2005/Atom">
  <channel>
    <title>Categories on 知识铺的博客</title>
    <link>https://geek.zshipu.com/categories/</link>
    <description>Recent content in Categories on 知识铺的博客</description>
    <generator>Hugo -- gohugo.io</generator>
    <language>zh-CN</language>
    <lastBuildDate>Mon, 22 Feb 2021 16:04:55 +0000</lastBuildDate><atom:link href="https://geek.zshipu.com/categories/index.xml" rel="self" type="application/rss+xml" />
    <item>
      <title>iOS</title>
      <link>https://geek.zshipu.com/categories/iOS/</link>
      <pubDate>Mon, 22 Feb 2021 16:04:55 +0000</pubDate>
      
      <guid>https://geek.zshipu.com/categories/iOS/</guid>
      <description></description>
    </item>
    
    <item>
      <title>flutter</title>
      <link>https://geek.zshipu.com/categories/flutter/</link>
      <pubDate>Wed, 27 Jan 2021 09:03:11 +0000</pubDate>
      
      <guid>https://geek.zshipu.com/categories/flutter/</guid>
      <description></description>
    </item>
    
    <item>
      <title>unix</title>
      <link>https://geek.zshipu.com/categories/unix/</link>
      <pubDate>Wed, 20 Jan 2021 11:52:44 +0000</pubDate>
      
      <guid>https://geek.zshipu.com/categories/unix/</guid>
      <description></description>
    </item>
    
    <item>
      <title>算法</title>
      <link>https://geek.zshipu.com/categories/%E7%AE%97%E6%B3%95/</link>
      <pubDate>Fri, 20 Nov 2020 23:39:09 +0000</pubDate>
      
      <guid>https://geek.zshipu.com/categories/%E7%AE%97%E6%B3%95/</guid>
      <description></description>
    </item>
    
  </channel>
</rss>
