<?xml version="1.0" encoding="utf-8" standalone="yes"?>
<rss version="2.0" xmlns:atom="http://www.w3.org/2005/Atom">
  <channel>
    <title>unix on 知识铺的博客</title>
    <link>https://geek.zshipu.com/categories/unix/</link>
    <description>Recent content in unix on 知识铺的博客</description>
    <generator>Hugo -- gohugo.io</generator>
    <language>zh-CN</language>
    <lastBuildDate>Wed, 20 Jan 2021 11:52:44 +0000</lastBuildDate><atom:link href="https://geek.zshipu.com/categories/unix/index.xml" rel="self" type="application/rss+xml" />
    <item>
      <title>ssh避免重复输入密码</title>
      <link>https://geek.zshipu.com/post/unix/rsa-add/</link>
      <pubDate>Wed, 20 Jan 2021 11:52:44 +0000</pubDate>
      
      <guid>https://geek.zshipu.com/post/unix/rsa-add/</guid>
      <description>解决方法：添加私钥 步骤： 切换到文件夹 1 cd ~/.ssh 添加秘钥 1 ssh-add id_rsa 查看秘钥 ssh-add -l 测试github仓库连接 git ls-remote -h -- git@github.com:zhangjk4859/jenkins-build-iOS.git 完。 参考：https://superuser.com/questions/988185/how-to-avoid-being-asked-enter-passphrase-for</description>
    </item>
    
    <item>
      <title>jenkins安装</title>
      <link>https://geek.zshipu.com/post/unix/jenkins-installation/</link>
      <pubDate>Wed, 20 Jan 2021 10:33:31 +0000</pubDate>
      
      <guid>https://geek.zshipu.com/post/unix/jenkins-installation/</guid>
      <description>安装 brew install jenkins-lts 启动 1 brew services start jenkins-lts 停止 1 brew services stop jenkins-lts 重启 1 brew services restart jenkins-lts 更新 1 brew upgrade jenkins-lts 局域网访问配置 homebrew.mxcl.jenkins.plist里面httpListenAddress从127.0.0.1更改为0.0.0.0 两个地方 ~/Library/LaunchAgents/homebrew.mxcl.jenkins.plist /usr/local/Cellar/jenkins/版本号/</description>
    </item>
    
    <item>
      <title>Mac环境下朗文词典</title>
      <link>https://geek.zshipu.com/post/unix/mac-dictionary/</link>
      <pubDate>Thu, 07 Jan 2021 11:55:31 +0000</pubDate>
      
      <guid>https://geek.zshipu.com/post/unix/mac-dictionary/</guid>
      <description>原理：原生的dictionary加朗文的词库，词库需要转换，转换过程见参考链接2 参考：1. https://www.zhihu.com/question/21964466 https://kaihao.io/2018/mdict-to-macos-dictionary/ 3.https://www.zhihu.com/question/20428599/answer/223511099</description>
    </item>
    
    <item>
      <title>hexo给目录分类</title>
      <link>https://geek.zshipu.com/post/unix/hexo-categories/</link>
      <pubDate>Tue, 05 Jan 2021 13:55:10 +0000</pubDate>
      
      <guid>https://geek.zshipu.com/post/unix/hexo-categories/</guid>
      <description>创建分类功能 1 hexo new page categories 打开index文件 /source/categories/index.md 文件添加字段 title: categories date: 2021-01-05 12:19:59 type: &amp;quot;categories&amp;quot; 写文章的时候加上分类标签 title: mac android studio flutter 打包 apk date: 2020-11-16 20:16:07 categories: - unix tags: 添加标签同理 完。 参考：https://www.cnblogs.com/hankleo/p/11606224.html</description>
    </item>
    
    <item>
      <title>无法打开&#34;xxx&#34;,因为无法确认开发者的身份</title>
      <link>https://geek.zshipu.com/post/unix/cannot-open-app-on-mac/</link>
      <pubDate>Wed, 25 Nov 2020 23:55:41 +0000</pubDate>
      
      <guid>https://geek.zshipu.com/post/unix/cannot-open-app-on-mac/</guid>
      <description>处理方法 加权限,同意任何来源 sudo spctl --master-disable //用完还原 sudo spctl --master-enable 按住command键，鼠标右键菜单选择打开app，出现窗口会出现打开按钮，正常情况下不会出现 参考：https://huajiakeji.com/macos/2019-07/2793.html 完。</description>
    </item>
    
    <item>
      <title>enter passphrase for key询问解决</title>
      <link>https://geek.zshipu.com/post/unix/ssh-issue/</link>
      <pubDate>Tue, 24 Nov 2020 11:47:58 +0000</pubDate>
      
      <guid>https://geek.zshipu.com/post/unix/ssh-issue/</guid>
      <description>ssh-add ~/.ssh/id_rsa ssh添加id_rsa文件即可</description>
    </item>
    
    <item>
      <title>zsh的挽救</title>
      <link>https://geek.zshipu.com/post/unix/zsh-problem/</link>
      <pubDate>Mon, 23 Nov 2020 18:36:03 +0000</pubDate>
      
      <guid>https://geek.zshipu.com/post/unix/zsh-problem/</guid>
      <description>今天配置环境变量的时候，因为失误不小心让zsh整个失效了， zsh: command not found:xxx 补救办法，在命令行输入 PATH=/bin:/usr/bin:/usr/local/bin:${PATH} 恢复正常 失误的地方在于配置flutter时路径少输入一个$符号，在$HOME/.zshrc文件中 //正确 export PATH=&amp;quot;$PATH:[PATH_TO_FLUTTER_GIT_DIRECTORY]/flutter/bin&amp;quot; //错误 export PATH=&amp;quot;PATH:[PATH_TO_FLUTTER_GIT_DIRECTORY]/flutter/bin&amp;quot; //注意 PATH_TO_FLUTTER_GIT_DIRECTORY 是需要输入全路径的，/User/xxx/xxx,不是~符号！</description>
    </item>
    
    <item>
      <title>mac android studio flutter 打包 apk</title>
      <link>https://geek.zshipu.com/post/unix/build-apk/</link>
      <pubDate>Mon, 16 Nov 2020 20:16:07 +0000</pubDate>
      
      <guid>https://geek.zshipu.com/post/unix/build-apk/</guid>
      <description>Create a keystore keytool -genkey -v -keystore ~/key.jks -keyalg RSA -keysize 2048 -validity 10000 -alias key /android文件夹下生成属性文件关联秘钥 key.properties storePassword=&amp;lt;password from previous step&amp;gt; keyPassword=&amp;lt;password from previous step&amp;gt; keyAlias=key storeFile=&amp;lt;location of the key store file, such as /Users/&amp;lt;user name&amp;gt;/key.jks&amp;gt; /android/app/build.gradle文件里增加load代码 def keystoreProperties = new Properties() def keystorePropertiesFile = rootProject.file(&#39;key.properties&#39;) if (keystorePropertiesFile.exists()) { keystoreProperties.load(new FileInputStream(keystorePropertiesFile)) } android { ... } 在buildTypes之前增加签名配置代码 signingConfigs { release { keyAlias keystoreProperties[&#39;keyAlias&#39;]</description>
    </item>
    
    <item>
      <title>catalina系统的zsh配置</title>
      <link>https://geek.zshipu.com/post/unix/zsh/</link>
      <pubDate>Thu, 12 Nov 2020 18:13:26 +0000</pubDate>
      
      <guid>https://geek.zshipu.com/post/unix/zsh/</guid>
      <description>catalina系统默认的终端是zsh，如果没有找到配置文件，需要自己创建 vim ~/.zshrc 保存运行使之生效 source $HOME/.zshrc 看一下是否成功 echo $PATH 参考：https://stackoverflow.com/questions/10574684/where-to-place-path-variable-asser</description>
    </item>
    
  </channel>
</rss>
