<?xml version="1.0" encoding="utf-8" standalone="yes"?>
<rss version="2.0" xmlns:atom="http://www.w3.org/2005/Atom">
  <channel>
    <title>Markds on 知识铺的博客</title>
    <link>https://geek.zshipu.com/markd/</link>
    <description>Recent content in Markds on 知识铺的博客</description>
    <generator>Hugo -- gohugo.io</generator>
    <language>zh-CN</language><atom:link href="https://geek.zshipu.com/markd/index.xml" rel="self" type="application/rss+xml" />
    <item>
      <title></title>
      <link>https://geek.zshipu.com/markd/dubbo/dubbo/</link>
      <pubDate>Mon, 01 Jan 0001 00:00:00 +0000</pubDate>
      
      <guid>https://geek.zshipu.com/markd/dubbo/dubbo/</guid>
      <description>dubbo 1. 服务消费方发起请求 当服务的消费方引用了某远程服务，服务的应用方在spring的配置实例如下： &amp;lt;dubbo:referenceid=&amp;quot;demoService&amp;quot;interface=&amp;quot;com.alibaba.dubbo.demo.DemoService&amp;quot; /&amp;gt; demoService实例其实是代理工厂生产的代理对象（大家可以参考代理那部分生成的伪代码），在代码中调用demoService.sayHello(“world!”)时， 1.1 将方法名</description>
    </item>
    
    <item>
      <title></title>
      <link>https://geek.zshipu.com/markd/k8s/k8s/</link>
      <pubDate>Mon, 01 Jan 0001 00:00:00 +0000</pubDate>
      
      <guid>https://geek.zshipu.com/markd/k8s/k8s/</guid>
      <description>一、环境准备 1、设置主机名hostname，管理节点设置主机名为master # hostnamectl set-hostname master 设置其他节点主机名称时，可将master替换为正确的主机名node1,node2,node3即可。 2、编辑/etc/hosts文件，添加域名分析 cat &amp;lt;&amp;lt;EOF &amp;gt;&amp;gt;/etc/hosts 192.168.56.10 master 192.168.56.11 node1 192.168.56.12 node2 EOF 3.关闭防火墙、selinux和</description>
    </item>
    
    <item>
      <title></title>
      <link>https://geek.zshipu.com/markd/%E8%A7%84%E5%88%99%E5%BC%95%E6%93%8E/%E5%86%B3%E7%AD%96%E5%BC%95%E6%93%8E/</link>
      <pubDate>Mon, 01 Jan 0001 00:00:00 +0000</pubDate>
      
      <guid>https://geek.zshipu.com/markd/%E8%A7%84%E5%88%99%E5%BC%95%E6%93%8E/%E5%86%B3%E7%AD%96%E5%BC%95%E6%93%8E/</guid>
      <description>决策引擎产品介绍 决策引擎承载的是风控业务的专家知识，基于变量和模型的输出，对用户进行分层、用户风险判断、以及用户风险定价的操作。其核心为判断流程的编制。 决策引擎产品提供可视化操作，支持判断逻辑的多种组合，流程链路配置，支持0开发部署上线，使得策略迭代速度能够得到最大的优化。 决策引</description>
    </item>
    
  </channel>
</rss>
